{
  "0": {
    "accuracy": 0.9982485161039214,
    "precision": 0.996500099903681,
    "recall": 0.9982485161039214,
    "f1_score": 0.9973735417520578,
    "confusion_matrix": [
      [
        10259,
        0,
        0,
        0,
        0
      ],
      [
        0,
        0,
        0,
        0,
        0
      ],
      [
        0,
        0,
        0,
        0,
        0
      ],
      [
        0,
        0,
        0,
        0,
        0
      ],
      [
        18,
        0,
        0,
        0,
        0
      ]
    ]
  }
}