{
  "local_metrics": {
    "accuracy": 0.9985888993414863,
    "precision": 0.9971797898880411,
    "recall": 0.9985888993414863,
    "f1_score": 0.9978838471649685,
    "confusion_matrix": [
      [
        2123,
        0,
        0,
        0,
        0
      ],
      [
        0,
        0,
        0,
        0,
        0
      ],
      [
        0,
        0,
        0,
        0,
        0
      ],
      [
        3,
        0,
        0,
        0,
        0
      ],
      [
        0,
        0,
        0,
        0,
        0
      ]
    ]
  },
  "global_metrics": {
    "accuracy": 0.9406628299265727,
    "precision": 0.8848465596054682,
    "recall": 0.9406628299265727,
    "f1_score": 0.9119013833422548,
    "confusion_matrix": [
      [
        9480,
        0,
        0,
        0,
        0
      ],
      [
        580,
        0,
        0,
        0,
        0
      ],
      [
        0,
        0,
        0,
        0,
        0
      ],
      [
        18,
        0,
        0,
        0,
        0
      ],
      [
        0,
        0,
        0,
        0,
        0
      ]
    ]
  },
  "client_metrics": [
    {
      "accuracy": 0.9995523724261415,
      "precision": 0.9991049452227279,
      "recall": 0.9995523724261415,
      "f1_score": 0.9993286087430373,
      "confusion_matrix": [
        [
          2233,
          0,
          0,
          0,
          0
        ],
        [
          0,
          0,
          0,
          0,
          0
        ],
        [
          0,
          0,
          0,
          0,
          0
        ],
        [
          0,
          0,
          0,
          0,
          0
        ],
        [
          1,
          0,
          0,
          0,
          0
        ]
      ]
    },
    {
      "accuracy": 0.9985888993414863,
      "precision": 0.9971797898880411,
      "recall": 0.9985888993414863,
      "f1_score": 0.9978838471649685,
      "confusion_matrix": [
        [
          2123,
          0,
          0,
          0,
          0
        ],
        [
          0,
          0,
          0,
          0,
          0
        ],
        [
          0,
          0,
          0,
          0,
          0
        ],
        [
          3,
          0,
          0,
          0,
          0
        ],
        [
          0,
          0,
          0,
          0,
          0
        ]
      ]
    }
  ],
  "training_history": {
    "train_losses": [
      0.04718677221278415,
      0.007851016597259364,
      0.00988572183997225,
      0.0071097951171033204,
      0.008656133574923466
    ],
    "val_losses": [
      6.405898541593907e-06,
      3.047930254612779e-06,
      5.522013887104495e-05,
      0.00016080773172295415,
      1.0413837483597559e-05
    ],
    "train_accs": [
      98.57877230117931,
      99.92944259651244,
      99.92944261573781,
      99.92944259651244,
      99.92944259651244
    ],
    "val_accs": [
      100.0,
      100.0,
      100.0,
      100.0,
      100.0
    ],
    "best_val_acc": 100.0
  }
}